,Corn,Cotton,Rice,Onions,Tomatoes,Cherries,Grapes,Citrus,Almonds,Pistachios,Carrots,Oranges,Strawberries,Lettuce,year
0,30829.671710508195,36968.00181548464,22857.637851868778,37234.28804602291,31971.667251003626,31158.64128292348,33806.91882208478,38952.518211426424,32313.90105951878,36684.046225992475,42207.236714946484,38552.180441033364,37124.5970715749,39221.127056181576,2008
1,30829.671710508195,36968.00181548464,22857.637851868778,37234.28804602291,31971.667251003626,31158.64128292348,33806.91882208478,38952.518211426424,32313.90105951878,36684.046225992475,42207.236714946484,38552.180441033364,37124.5970715749,39221.127056181576,2013
2,30829.671710508195,36968.00181548464,22857.637851868778,37234.28804602291,31971.667251003626,31158.64128292348,33806.91882208478,38952.518211426424,32313.90105951878,36684.046225992475,42207.236714946484,38552.180441033364,37124.5970715749,39221.127056181576,2018
3,30829.671710508195,36968.00181548464,22857.637851868778,37234.28804602291,31971.667251003626,31158.64128292348,33806.91882208478,38952.518211426424,32313.90105951878,36684.046225992475,42207.236714946484,38552.180441033364,37124.5970715749,39221.127056181576,2023
